Suggested Lesson Date,Lesson Number,Overall Unit Name,Daily Unit Name,Lesson Title,Video Link,Embedded Video Link,Time Stamps,Question Number,Question,Answer Choice A,Answer Choice B,Answer Choice C,Answer Choice D,Correct Answer,,,,,,
4/8,2,Fundamentals of Personal Finance,Wants & Needs,Needs v. Wants,https://youtu.be/QyuU4wFIz3o?si=mNZBsXnTWSG6Awwh,"<iframe width=""560"" height=""315"" src=""https://www.youtube.com/embed/QyuU4wFIz3o?si=pvO7oL7rqTQ5Z0YL"" title=""YouTube video player"" frameborder=""0"" allow=""accelerometer; autoplay; clipboard-write; encrypted-media; gyroscope; picture-in-picture; web-share"" allowfullscreen></iframe>",0:00 - 1:18,1,Which of the following is a need in budgeting?,High-speed internet for a freelance graphic designer,A new smartphone every year,Dining out at restaurants,Brand-name clothing,A,,,,,,
4/8,2,Fundamentals of Personal Finance,Wants & Needs,Needs v. Wants,https://youtu.be/QyuU4wFIz3o?si=mNZBsXnTWSG6Awwh,"<iframe width=""560"" height=""315"" src=""https://www.youtube.com/embed/QyuU4wFIz3o?si=pvO7oL7rqTQ5Z0YL"" title=""YouTube video player"" frameborder=""0"" allow=""accelerometer; autoplay; clipboard-write; encrypted-media; gyroscope; picture-in-picture; web-share"" allowfullscreen></iframe>",0:00 - 1:18,2,True or False: A want is something that is essential for living.,TRUE,FALSE,-,-,B,,,,,,
4/8,2,Fundamentals of Personal Finance,Wants & Needs,Needs v. Wants,https://youtu.be/QyuU4wFIz3o?si=mNZBsXnTWSG6Awwh,"<iframe width=""560"" height=""315"" src=""https://www.youtube.com/embed/QyuU4wFIz3o?si=pvO7oL7rqTQ5Z0YL"" title=""YouTube video player"" frameborder=""0"" allow=""accelerometer; autoplay; clipboard-write; encrypted-media; gyroscope; picture-in-picture; web-share"" allowfullscreen></iframe>",0:00 - 1:18,3,Which category would a monthly streaming service subscription fall under in a personal budget?,Need,Want,"Either, depending on the person's job","Either, depending on the person's budget size",B,,,,,,
4/8,2,Fundamentals of Personal Finance,Wants & Needs,Needs v. Wants,https://youtu.be/QyuU4wFIz3o?si=mNZBsXnTWSG6Awwh,"<iframe width=""560"" height=""315"" src=""https://www.youtube.com/embed/QyuU4wFIz3o?si=pvO7oL7rqTQ5Z0YL"" title=""YouTube video player"" frameborder=""0"" allow=""accelerometer; autoplay; clipboard-write; encrypted-media; gyroscope; picture-in-picture; web-share"" allowfullscreen></iframe>",0:00 - 1:18,4,Which of the following best represents a want?,Electricity bill,Rent or mortgage payment,Health insurance,Vacation travel,D,,,,,,
4/8,2,Fundamentals of Personal Finance,Wants & Needs,Needs v. Wants,https://youtu.be/QyuU4wFIz3o?si=mNZBsXnTWSG6Awwh,"<iframe width=""560"" height=""315"" src=""https://www.youtube.com/embed/QyuU4wFIz3o?si=pvO7oL7rqTQ5Z0YL"" title=""YouTube video player"" frameborder=""0"" allow=""accelerometer; autoplay; clipboard-write; encrypted-media; gyroscope; picture-in-picture; web-share"" allowfullscreen></iframe>",0:00 - 1:18,5,True or False: Rent or mortgage payments are considered wants because they can vary in price.,TRUE,FALSE,-,-,B,,,,,,
4/8,2,Fundamentals of Personal Finance,Wants & Needs,Needs v. Wants,https://youtu.be/QyuU4wFIz3o?si=mNZBsXnTWSG6Awwh,"<iframe width=""560"" height=""315"" src=""https://www.youtube.com/embed/QyuU4wFIz3o?si=pvO7oL7rqTQ5Z0YL"" title=""YouTube video player"" frameborder=""0"" allow=""accelerometer; autoplay; clipboard-write; encrypted-media; gyroscope; picture-in-picture; web-share"" allowfullscreen></iframe>",0:00 - 1:18,6,What is a practical step to take when your wants exceed your budget?,Increase your income,Cut out all wants,Focus solely on needs,A and C,D,,,,,,
4/8,,Fundamentals of Personal Finance,Wants & Needs,How to account for wants & needs in your budget,https://youtu.be/qn-Bod380Bc?si=5DR7LjP79slU4Eia,"<iframe width=""560"" height=""315"" src=""https://www.youtube.com/embed/qn-Bod380Bc?si=5DR7LjP79slU4Eia&amp;start=32"" title=""YouTube video player"" frameborder=""0"" allow=""accelerometer; autoplay; clipboard-write; encrypted-media; gyroscope; picture-in-picture; web-share"" referrerpolicy=""strict-origin-when-cross-origin"" allowfullscreen></iframe>",0:32 - 2:20,1,What strategy can be effective for managing wants in a budget?,Allocating a fixed percentage of income to wants,Eliminating all wants,Only spending on wants during sales,Borrowing money to cover wants,A,,,,,,
4/8,,Fundamentals of Personal Finance,Wants & Needs,How to account for wants & needs in your budget,https://youtu.be/qn-Bod380Bc?si=5DR7LjP79slU4Eia,"<iframe width=""560"" height=""315"" src=""https://www.youtube.com/embed/qn-Bod380Bc?si=5DR7LjP79slU4Eia&amp;start=32"" title=""YouTube video player"" frameborder=""0"" allow=""accelerometer; autoplay; clipboard-write; encrypted-media; gyroscope; picture-in-picture; web-share"" referrerpolicy=""strict-origin-when-cross-origin"" allowfullscreen></iframe>",0:32 - 2:20,2,How can distinguishing between wants and needs help in budgeting?,Increases the complexity of the budget,Reduces overall expenses,Improves financial discipline,Is only beneficial for short-term planning,C,,,,,,
4/8,,Fundamentals of Personal Finance,Wants & Needs,How to account for wants & needs in your budget,https://youtu.be/qn-Bod380Bc?si=5DR7LjP79slU4Eia,"<iframe width=""560"" height=""315"" src=""https://www.youtube.com/embed/qn-Bod380Bc?si=5DR7LjP79slU4Eia&amp;start=32"" title=""YouTube video player"" frameborder=""0"" allow=""accelerometer; autoplay; clipboard-write; encrypted-media; gyroscope; picture-in-picture; web-share"" referrerpolicy=""strict-origin-when-cross-origin"" allowfullscreen></iframe>",0:32 - 2:20,3,True or False: It's important to review and adjust your budget regularly to ensure needs are met before spending on wants.,TRUE,FALSE,N/A,N/A,A,,,,,,
4/8,,Fundamentals of Personal Finance,Wants & Needs,How to account for wants & needs in your budget,https://youtu.be/qn-Bod380Bc?si=5DR7LjP79slU4Eia,"<iframe width=""560"" height=""315"" src=""https://www.youtube.com/embed/qn-Bod380Bc?si=5DR7LjP79slU4Eia&amp;start=32"" title=""YouTube video player"" frameborder=""0"" allow=""accelerometer; autoplay; clipboard-write; encrypted-media; gyroscope; picture-in-picture; web-share"" referrerpolicy=""strict-origin-when-cross-origin"" allowfullscreen></iframe>",0:32 - 2:20,4,What is a practical approach to balancing wants and needs in a budget?,Prioritizing needs and fitting wants with the leftover funds,Spending equally on wants and needs,Only focusing on wants to increase happiness,Avoiding all spending on wants to save money,A,,,,,,
4/8,,Fundamentals of Personal Finance,Wants & Needs,How to account for wants & needs in your budget,https://youtu.be/qn-Bod380Bc?si=5DR7LjP79slU4Eia,"<iframe width=""560"" height=""315"" src=""https://www.youtube.com/embed/qn-Bod380Bc?si=5DR7LjP79slU4Eia&amp;start=32"" title=""YouTube video player"" frameborder=""0"" allow=""accelerometer; autoplay; clipboard-write; encrypted-media; gyroscope; picture-in-picture; web-share"" referrerpolicy=""strict-origin-when-cross-origin"" allowfullscreen></iframe>",0:32 - 2:20,5,Why is it important to clearly define wants and needs when creating a budget?,To ensure you can afford luxury items,To facilitate impulse buying,To make budgeting more complicated,To prioritize how you spend and save,D,,A,B,C,D,E
4/8,,Fundamentals of Personal Finance,Wants & Needs,How to account for wants & needs in your budget,https://youtu.be/qn-Bod380Bc?si=5DR7LjP79slU4Eia,"<iframe width=""560"" height=""315"" src=""https://www.youtube.com/embed/qn-Bod380Bc?si=5DR7LjP79slU4Eia&amp;start=32"" title=""YouTube video player"" frameborder=""0"" allow=""accelerometer; autoplay; clipboard-write; encrypted-media; gyroscope; picture-in-picture; web-share"" referrerpolicy=""strict-origin-when-cross-origin"" allowfullscreen></iframe>",0:32 - 2:20,6,"Which of the following expenses could be categorized as both a want and a need, depending on the situation?",Basic grocery items,A second car in a two-job household,Health insurance,A holiday,B,,26,28,20,15,0
4/8,22,Fundamentals of Personal Finance,Wants & Needs,"examples of long term, short term, and medium term goals",https://youtu.be/nzIAe8WSSqE?si=zncVGU7v2YEB4DTT,"<iframe width=""560"" height=""315"" src=""https://www.youtube.com/embed/nzIAe8WSSqE?si=zncVGU7v2YEB4DTT&amp;start=15"" title=""YouTube video player"" frameborder=""0"" allow=""accelerometer; autoplay; clipboard-write; encrypted-media; gyroscope; picture-in-picture; web-share"" allowfullscreen></iframe>",0:00 - 3:28,1,Which of the following is typically considered a short-term financial goal?,Buying a house,Saving for retirement,Creating an emergency fund,Paying off a mortgage,C,,,,,,
4/8,22,Fundamentals of Personal Finance,Wants & Needs,"examples of long term, short term, and medium term goals",https://youtu.be/nzIAe8WSSqE?si=zncVGU7v2YEB4DTT,"<iframe width=""560"" height=""315"" src=""https://www.youtube.com/embed/nzIAe8WSSqE?si=zncVGU7v2YEB4DTT&amp;start=15"" title=""YouTube video player"" frameborder=""0"" allow=""accelerometer; autoplay; clipboard-write; encrypted-media; gyroscope; picture-in-picture; web-share"" allowfullscreen></iframe>",0:00 - 3:28,2,Which goal is an example of a medium-term financial goal?,Building an emergency fund of $500,Saving for a down payment on a car,Paying off student loans,Saving for a child’s education,B,,,,,,
4/8,22,Fundamentals of Personal Finance,Wants & Needs,"examples of long term, short term, and medium term goals",https://youtu.be/nzIAe8WSSqE?si=zncVGU7v2YEB4DTT,"<iframe width=""560"" height=""315"" src=""https://www.youtube.com/embed/nzIAe8WSSqE?si=zncVGU7v2YEB4DTT&amp;start=15"" title=""YouTube video player"" frameborder=""0"" allow=""accelerometer; autoplay; clipboard-write; encrypted-media; gyroscope; picture-in-picture; web-share"" allowfullscreen></iframe>",0:00 - 3:28,3,Which of the following is a characteristic of a well-defined financial goal?,Vague and flexible,Based on what others are doing,Has a clear timeline and amount,Changes frequently,C,,,,,,
4/8,22,Fundamentals of Personal Finance,Wants & Needs,"examples of long term, short term, and medium term goals",https://youtu.be/nzIAe8WSSqE?si=zncVGU7v2YEB4DTT,"<iframe width=""560"" height=""315"" src=""https://www.youtube.com/embed/nzIAe8WSSqE?si=zncVGU7v2YEB4DTT&amp;start=15"" title=""YouTube video player"" frameborder=""0"" allow=""accelerometer; autoplay; clipboard-write; encrypted-media; gyroscope; picture-in-picture; web-share"" allowfullscreen></iframe>",0:00 - 3:28,4,How does setting short-term financial goals support long-term financial health?,By eliminating the need for long-term goals,They don’t support long-term financial health,By providing immediate financial benefits,By creating a foundation and momentum for achieving long-term goals,D,,,,,,
4/8,22,Fundamentals of Personal Finance,Wants & Needs,"examples of long term, short term, and medium term goals",https://youtu.be/nzIAe8WSSqE?si=zncVGU7v2YEB4DTT,"<iframe width=""560"" height=""315"" src=""https://www.youtube.com/embed/nzIAe8WSSqE?si=zncVGU7v2YEB4DTT&amp;start=15"" title=""YouTube video player"" frameborder=""0"" allow=""accelerometer; autoplay; clipboard-write; encrypted-media; gyroscope; picture-in-picture; web-share"" allowfullscreen></iframe>",0:00 - 3:28,5,"When planning for long-term financial goals, it's important to consider:",Only the highest paying job options,Your wants and needs on the day you begin planning,The advice of friends,Long term investment options and potential risks,D,,,,,,
4/8,,Fundamentals of Personal Finance,Wants & Needs,"examples of long term, short term, and medium term goals",https://youtu.be/nzIAe8WSSqE?si=zncVGU7v2YEB4DTT,"<iframe width=""560"" height=""315"" src=""https://www.youtube.com/embed/nzIAe8WSSqE?si=zncVGU7v2YEB4DTT&amp;start=15"" title=""YouTube video player"" frameborder=""0"" allow=""accelerometer; autoplay; clipboard-write; encrypted-media; gyroscope; picture-in-picture; web-share"" allowfullscreen></iframe>",0:00 - 3:28,6,True or False: Short-term financial goals typically have an impact on long-term financial stability.,TRUE,FALSE,N/A,N/A,A,,,,,,
4/9,6,Fundamentals of Personal Finance,Budgeting Basics,Pay yourself first strategy,https://youtu.be/1tAVx-V8Qvw?si=FbNwafMSHNj0IgcX&t=8,"<iframe width=""560"" height=""315"" src=""https://www.youtube.com/embed/1tAVx-V8Qvw?si=FbNwafMSHNj0IgcX&amp;start=8"" title=""YouTube video player"" frameborder=""0"" allow=""accelerometer; autoplay; clipboard-write; encrypted-media; gyroscope; picture-in-picture; web-share"" allowfullscreen></iframe>",0:08 - 1:38,1,"What does the ""pay yourself first"" strategy involve?",Spending on wants before saving,Saving a set amount of money before paying for any expenses,Paying off debts as soon as you get your paycheck,Investing all your money into stocks,B,,,,,,
4/9,6,Fundamentals of Personal Finance,Budgeting Basics,Pay yourself first strategy,https://youtu.be/1tAVx-V8Qvw?si=FbNwafMSHNj0IgcX&t=8,"<iframe width=""560"" height=""315"" src=""https://www.youtube.com/embed/1tAVx-V8Qvw?si=FbNwafMSHNj0IgcX&amp;start=8"" title=""YouTube video player"" frameborder=""0"" allow=""accelerometer; autoplay; clipboard-write; encrypted-media; gyroscope; picture-in-picture; web-share"" allowfullscreen></iframe>",0:08 - 1:38,2,"Why is the ""pay yourself first"" strategy considered beneficial for personal finance management?",It encourages impulse spending,It reduces your taxable income,"It ensures you save consistently, contributing to financial stability",It allows you to spend all your income without saving,C,,,,,,
4/9,6,Fundamentals of Personal Finance,Budgeting Basics,Pay yourself first strategy,https://youtu.be/1tAVx-V8Qvw?si=FbNwafMSHNj0IgcX&t=8,"<iframe width=""560"" height=""315"" src=""https://www.youtube.com/embed/1tAVx-V8Qvw?si=FbNwafMSHNj0IgcX&amp;start=8"" title=""YouTube video player"" frameborder=""0"" allow=""accelerometer; autoplay; clipboard-write; encrypted-media; gyroscope; picture-in-picture; web-share"" allowfullscreen></iframe>",0:08 - 1:38,3,"How can the ""pay yourself first"" strategy be easily implemented?",By waiting to see how much money is left at the end of the month to save,By setting up automatic transfers to your savings account when you receive your income,By only saving money during months when you have extra income,By borrowing money to invest,B,,,,,,
4/9,6,Fundamentals of Personal Finance,Budgeting Basics,Pay yourself first strategy,https://youtu.be/1tAVx-V8Qvw?si=FbNwafMSHNj0IgcX&t=8,"<iframe width=""560"" height=""315"" src=""https://www.youtube.com/embed/1tAVx-V8Qvw?si=FbNwafMSHNj0IgcX&amp;start=8"" title=""YouTube video player"" frameborder=""0"" allow=""accelerometer; autoplay; clipboard-write; encrypted-media; gyroscope; picture-in-picture; web-share"" allowfullscreen></iframe>",0:08 - 1:38,4,"What is a common misconception about the ""pay yourself first"" strategy?",It is only for people with a fixed income,It discourages the use of budgeting tools,It makes budgeting for monthly expenses more difficult,It requires a large income to be effective,D,,,,,,
4/9,6,Fundamentals of Personal Finance,Budgeting Basics,Pay yourself first strategy,https://youtu.be/1tAVx-V8Qvw?si=FbNwafMSHNj0IgcX&t=8,"<iframe width=""560"" height=""315"" src=""https://www.youtube.com/embed/1tAVx-V8Qvw?si=FbNwafMSHNj0IgcX&amp;start=8"" title=""YouTube video player"" frameborder=""0"" allow=""accelerometer; autoplay; clipboard-write; encrypted-media; gyroscope; picture-in-picture; web-share"" allowfullscreen></iframe>",0:08 - 1:38,5,"What is a key benefit of automating your savings with the ""pay yourself first"" strategy?",It ensures you consistently save without needing to remember each month,It guarantees stock market success,It eliminates the need for a budget,It increases your spending power,A,,,,,,
4/9,6,Fundamentals of Personal Finance,Budgeting Basics,Pay yourself first strategy,https://youtu.be/1tAVx-V8Qvw?si=FbNwafMSHNj0IgcX&t=8,"<iframe width=""560"" height=""315"" src=""https://www.youtube.com/embed/1tAVx-V8Qvw?si=FbNwafMSHNj0IgcX&amp;start=8"" title=""YouTube video player"" frameborder=""0"" allow=""accelerometer; autoplay; clipboard-write; encrypted-media; gyroscope; picture-in-picture; web-share"" allowfullscreen></iframe>",0:08 - 1:38,6,"When might the ""pay yourself first"" strategy need adjustment?",When you've met your initial savings goal,When your financial goals or priorities change,If your employment status changes,All of the above,D,,,,,,
4/9,3,Fundamentals of Personal Finance,Budgeting Basics,Purpose of budgeting,https://youtu.be/CbhjhWleKGE?si=JsMbRFF_uBbr7u6c&t=39,"<iframe width=""560"" height=""315"" src=""https://www.youtube.com/embed/CbhjhWleKGE?si=JnR0iFGvKjTDnh3f&amp;start=39"" title=""YouTube video player"" frameborder=""0"" allow=""accelerometer; autoplay; clipboard-write; encrypted-media; gyroscope; picture-in-picture; web-share"" allowfullscreen></iframe>",0:39 - 1:43,1,How does budgeting help individuals?,It restricts spending on all items,It allows for unlimited spending,It provides a plan for how to spend and save money,It is only useful for tracking debts,C,,,,,,
4/9,3,Fundamentals of Personal Finance,Budgeting Basics,Purpose of budgeting,https://youtu.be/CbhjhWleKGE?si=JsMbRFF_uBbr7u6c&t=39,"<iframe width=""560"" height=""315"" src=""https://www.youtube.com/embed/CbhjhWleKGE?si=JnR0iFGvKjTDnh3f&amp;start=39"" title=""YouTube video player"" frameborder=""0"" allow=""accelerometer; autoplay; clipboard-write; encrypted-media; gyroscope; picture-in-picture; web-share"" allowfullscreen></iframe>",0:39 - 1:43,2,What is a key reason why budgeting is important?,"It ensures you can buy whatever you want, whenever you want",It helps in identifying areas of overspending,It makes it unnecessary to track expenses,It increases financial stress,B,,,,,,
4/9,3,Fundamentals of Personal Finance,Budgeting Basics,Purpose of budgeting,https://youtu.be/CbhjhWleKGE?si=JsMbRFF_uBbr7u6c&t=39,"<iframe width=""560"" height=""315"" src=""https://www.youtube.com/embed/CbhjhWleKGE?si=JnR0iFGvKjTDnh3f&amp;start=39"" title=""YouTube video player"" frameborder=""0"" allow=""accelerometer; autoplay; clipboard-write; encrypted-media; gyroscope; picture-in-picture; web-share"" allowfullscreen></iframe>",0:39 - 1:43,3,True or False: A well-planned budget cannot help in emergency financial situations.,TRUE,FALSE,-,-,B,,,,,,
4/9,3,Fundamentals of Personal Finance,Budgeting Basics,Purpose of budgeting,https://youtu.be/CbhjhWleKGE?si=JsMbRFF_uBbr7u6c&t=39,"<iframe width=""560"" height=""315"" src=""https://www.youtube.com/embed/CbhjhWleKGE?si=JnR0iFGvKjTDnh3f&amp;start=39"" title=""YouTube video player"" frameborder=""0"" allow=""accelerometer; autoplay; clipboard-write; encrypted-media; gyroscope; picture-in-picture; web-share"" allowfullscreen></iframe>",0:39 - 1:43,4,Why is budgeting important for young adults?,To encourage spending on luxury items,To avoid learning about personal finance,It makes tracking expenses unnecessary,It teaches financial responsibility and planning,D,,,,,,
4/9,3,Fundamentals of Personal Finance,Budgeting Basics,Purpose of budgeting,https://youtu.be/CbhjhWleKGE?si=JsMbRFF_uBbr7u6c&t=39,"<iframe width=""560"" height=""315"" src=""https://www.youtube.com/embed/CbhjhWleKGE?si=JnR0iFGvKjTDnh3f&amp;start=39"" title=""YouTube video player"" frameborder=""0"" allow=""accelerometer; autoplay; clipboard-write; encrypted-media; gyroscope; picture-in-picture; web-share"" allowfullscreen></iframe>",0:39 - 1:43,5,What does budgeting allow individuals to do?,Plan for future expenses and goals,Live paycheck to paycheck,Ignore their financial situation,Accumulate debt more quickly,A,,,,,,
4/9,1,Fundamentals of Personal Finance,Budgeting Basics,Gross Pay v. Net pay,https://youtu.be/1IXAt33nz0A?si=IXLmspIMBqpM0Lwt,"<iframe width=""560"" height=""315"" src=""https://www.youtube.com/embed/1IXAt33nz0A?si=UL_BN__G28kfYkZC"" title=""YouTube video player"" frameborder=""0"" allow=""accelerometer; autoplay; clipboard-write; encrypted-media; gyroscope; picture-in-picture; web-share"" allowfullscreen></iframe>",0:00 - 1:22,1,What is gross pay?,The amount of money earned after deductions.,The total amount of money earned before deductions.,The amount of money left after taxes are paid.,The amount of money earned on an hourly basis only.,B,,,,,,
4/9,1,Fundamentals of Personal Finance,Budgeting Basics,Gross Pay v. Net pay,https://youtu.be/1IXAt33nz0A?si=IXLmspIMBqpM0Lwt,"<iframe width=""560"" height=""315"" src=""https://www.youtube.com/embed/1IXAt33nz0A?si=UL_BN__G28kfYkZC"" title=""YouTube video player"" frameborder=""0"" allow=""accelerometer; autoplay; clipboard-write; encrypted-media; gyroscope; picture-in-picture; web-share"" allowfullscreen></iframe>",0:00 - 1:22,2,Which of the following is typically deducted from gross pay to calculate net pay?,Bonuses,Overtime pay,Taxes and benefits,Gross pay is not subject to deductions,C,,,,,,
4/9,1,Fundamentals of Personal Finance,Budgeting Basics,Gross Pay v. Net pay,https://youtu.be/1IXAt33nz0A?si=IXLmspIMBqpM0Lwt,"<iframe width=""560"" height=""315"" src=""https://www.youtube.com/embed/1IXAt33nz0A?si=UL_BN__G28kfYkZC"" title=""YouTube video player"" frameborder=""0"" allow=""accelerometer; autoplay; clipboard-write; encrypted-media; gyroscope; picture-in-picture; web-share"" allowfullscreen></iframe>",0:00 - 1:22,3,True or False: Net pay is the amount you see on your paycheck.,TRUE,FALSE,,,B,,,,,,
4/9,1,Fundamentals of Personal Finance,Budgeting Basics,Gross Pay v. Net pay,https://youtu.be/1IXAt33nz0A?si=IXLmspIMBqpM0Lwt,"<iframe width=""560"" height=""315"" src=""https://www.youtube.com/embed/1IXAt33nz0A?si=UL_BN__G28kfYkZC"" title=""YouTube video player"" frameborder=""0"" allow=""accelerometer; autoplay; clipboard-write; encrypted-media; gyroscope; picture-in-picture; web-share"" allowfullscreen></iframe>",0:00 - 1:22,4,What is the best reason to understand the difference between gross and net pay?,To accurately report income for tax purposes.,To understand how much money you will actually take home.,To calculate work hours.,To negotiate a higher salary.,B,,,,,,
4/9,1,Fundamentals of Personal Finance,Budgeting Basics,Gross Pay v. Net pay,https://youtu.be/1IXAt33nz0A?si=IXLmspIMBqpM0Lwt,"<iframe width=""560"" height=""315"" src=""https://www.youtube.com/embed/1IXAt33nz0A?si=UL_BN__G28kfYkZC"" title=""YouTube video player"" frameborder=""0"" allow=""accelerometer; autoplay; clipboard-write; encrypted-media; gyroscope; picture-in-picture; web-share"" allowfullscreen></iframe>",0:00 - 1:22,5,Which deduction is not typically taken from gross pay to arrive at net pay?,Federal income tax,Health insurance premiums,Social Security tax,Reimbursements for travel expenses,D,,,,,,
4/9,23,Fundamentals of Personal Finance,Budgeting Basics,emergency funds,https://youtu.be/SaGPvzaJgRM?si=mfBd3c_8M6s-Gx6Z,"<iframe width=""560"" height=""315"" src=""https://www.youtube.com/embed/SaGPvzaJgRM?si=mfBd3c_8M6s-Gx6Z&amp;start=15"" title=""YouTube video player"" frameborder=""0"" allow=""accelerometer; autoplay; clipboard-write; encrypted-media; gyroscope; picture-in-picture; web-share"" allowfullscreen></iframe>",0:00 - 1:49,1,What is the primary purpose of an emergency fund?,To save for a vacation,To buy the latest gadgets,To have funds for unexpected expenses,To invest in the stock market,C,,,,,,
4/9,23,Fundamentals of Personal Finance,Budgeting Basics,emergency funds,https://youtu.be/SaGPvzaJgRM?si=mfBd3c_8M6s-Gx6Z,"<iframe width=""560"" height=""315"" src=""https://www.youtube.com/embed/SaGPvzaJgRM?si=mfBd3c_8M6s-Gx6Z&amp;start=15"" title=""YouTube video player"" frameborder=""0"" allow=""accelerometer; autoplay; clipboard-write; encrypted-media; gyroscope; picture-in-picture; web-share"" allowfullscreen></iframe>",0:00 - 1:49,2,"True or False: It's recommended to keep your emergency fund in a high-return, but high-risk investment account.",TRUE,FALSE,N/A,N/A,B,,,,,,
4/9,23,Fundamentals of Personal Finance,Budgeting Basics,emergency funds,https://youtu.be/SaGPvzaJgRM?si=mfBd3c_8M6s-Gx6Z,"<iframe width=""560"" height=""315"" src=""https://www.youtube.com/embed/SaGPvzaJgRM?si=mfBd3c_8M6s-Gx6Z&amp;start=15"" title=""YouTube video player"" frameborder=""0"" allow=""accelerometer; autoplay; clipboard-write; encrypted-media; gyroscope; picture-in-picture; web-share"" allowfullscreen></iframe>",0:00 - 1:49,3,How many months' worth of living expenses is it generally recommended to save in an emergency fund?,1 month,2 months,3-6 months,6-12 months,C,,,,,,
4/9,23,Fundamentals of Personal Finance,Budgeting Basics,emergency funds,https://youtu.be/SaGPvzaJgRM?si=mfBd3c_8M6s-Gx6Z,"<iframe width=""560"" height=""315"" src=""https://www.youtube.com/embed/SaGPvzaJgRM?si=mfBd3c_8M6s-Gx6Z&amp;start=15"" title=""YouTube video player"" frameborder=""0"" allow=""accelerometer; autoplay; clipboard-write; encrypted-media; gyroscope; picture-in-picture; web-share"" allowfullscreen></iframe>",0:00 - 1:49,4,An emergency fund is most useful for which of the following situations?,Going on an impromptu holiday,Buying tickets for a concert,Covering living expenses after job loss,Purchasing the latest fashion trends,C,,,,,,
4/9,23,Fundamentals of Personal Finance,Budgeting Basics,emergency funds,https://youtu.be/SaGPvzaJgRM?si=mfBd3c_8M6s-Gx6Z,"<iframe width=""560"" height=""315"" src=""https://www.youtube.com/embed/SaGPvzaJgRM?si=mfBd3c_8M6s-Gx6Z&amp;start=15"" title=""YouTube video player"" frameborder=""0"" allow=""accelerometer; autoplay; clipboard-write; encrypted-media; gyroscope; picture-in-picture; web-share"" allowfullscreen></iframe>",0:00 - 1:49,5,What's the first step in building an emergency fund?,Determining how much you spend each month,Borrowing money,Investing in the stock market,Buying things you want,A,,,,,,
4/9,7,Fundamentals of Personal Finance,Budgeting Basics,50/30/20 strategy,https://youtu.be/1oGIriVHxRA?si=8HcsWvJqjwrPLDKf,"<iframe width=""560"" height=""315"" src=""https://www.youtube.com/embed/1oGIriVHxRA?si=8HcsWvJqjwrPLDKf"" title=""YouTube video player"" frameborder=""0"" allow=""accelerometer; autoplay; clipboard-write; encrypted-media; gyroscope; picture-in-picture; web-share"" allowfullscreen></iframe>",0:00 - 1:48,1,What does the 50/30/20 budgeting rule suggest?,"50% on needs, 20% on wants, 30% on savings","30% on needs, 20% on wants, 50% on savings","50% on wants, 30% on savings, 20% on needs","50% on needs, 30% on wants, 20% on savings",D,,,,,,
4/9,7,Fundamentals of Personal Finance,Budgeting Basics,50/30/20 strategy,https://youtu.be/1oGIriVHxRA?si=8HcsWvJqjwrPLDKf,"<iframe width=""560"" height=""315"" src=""https://www.youtube.com/embed/1oGIriVHxRA?si=8HcsWvJqjwrPLDKf"" title=""YouTube video player"" frameborder=""0"" allow=""accelerometer; autoplay; clipboard-write; encrypted-media; gyroscope; picture-in-picture; web-share"" allowfullscreen></iframe>",0:00 - 1:48,2,How much of your after-tax income should be allocated to savings and debt repayment according to the 50/30/20 rule?,0.2,30%,0.5,0.4,A,,,,,,
4/9,7,Fundamentals of Personal Finance,Budgeting Basics,50/30/20 strategy,https://youtu.be/1oGIriVHxRA?si=8HcsWvJqjwrPLDKf,"<iframe width=""560"" height=""315"" src=""https://www.youtube.com/embed/1oGIriVHxRA?si=8HcsWvJqjwrPLDKf"" title=""YouTube video player"" frameborder=""0"" allow=""accelerometer; autoplay; clipboard-write; encrypted-media; gyroscope; picture-in-picture; web-share"" allowfullscreen></iframe>",0:00 - 1:48,3,Which of the following is NOT a principle of the 50/30/20 budgeting rule?,Saving a fixed percentage of income is crucial for financial health,It is important to distinguish between wants and needs,All discretionary spending should be eliminated,A portion of income should be dedicated to personal desires and enjoyment,C,,,,,,
4/9,7,Fundamentals of Personal Finance,Budgeting Basics,50/30/20 strategy,https://youtu.be/1oGIriVHxRA?si=8HcsWvJqjwrPLDKf,"<iframe width=""560"" height=""315"" src=""https://www.youtube.com/embed/1oGIriVHxRA?si=8HcsWvJqjwrPLDKf"" title=""YouTube video player"" frameborder=""0"" allow=""accelerometer; autoplay; clipboard-write; encrypted-media; gyroscope; picture-in-picture; web-share"" allowfullscreen></iframe>",0:00 - 1:48,4,"According to the 50/30/20 rule, what should be done with any extra income after allocating the specified percentages?",Put it all towards wants,Save it for unexpected expenses,It should be considered as a windfall and spent immediately,Add it to the savings and debt repayment category,D,,,,,,
4/9,7,Fundamentals of Personal Finance,Budgeting Basics,50/30/20 strategy,https://youtu.be/1oGIriVHxRA?si=8HcsWvJqjwrPLDKf,"<iframe width=""560"" height=""315"" src=""https://www.youtube.com/embed/1oGIriVHxRA?si=8HcsWvJqjwrPLDKf"" title=""YouTube video player"" frameborder=""0"" allow=""accelerometer; autoplay; clipboard-write; encrypted-media; gyroscope; picture-in-picture; web-share"" allowfullscreen></iframe>",0:00 - 1:48,5,True or False: The 50/30/20 budgeting rule suggests that personal savings should include both emergency savings and retirement contributions.,TRUE,FALSE,N/A,N/A,A,,,,,,
4/10,,Fundamentals of Personal Finance,Intro to Taxes,Federal Progressive Tax,https://youtu.be/VJhsjUPDulw?si=0J3Y5ejv_67kZDAG,"<iframe width=""560"" height=""315"" src=""https://www.youtube.com/embed/VJhsjUPDulw?si=9dXWZ-QYsRi7M4oe"" title=""YouTube video player"" frameborder=""0"" allow=""accelerometer; autoplay; clipboard-write; encrypted-media; gyroscope; picture-in-picture; web-share"" referrerpolicy=""strict-origin-when-cross-origin"" allowfullscreen></iframe>",0:00 - 2:15,1,What is a progressive tax system?,A system where tax rates increase as income decreases.,A system where everyone pays the same tax rate regardless of income.,A system where tax rates increase as income increases.,A flat rate on all types of income.,C,,,,,,
4/10,,Fundamentals of Personal Finance,Intro to Taxes,Federal Progressive Tax,https://youtu.be/VJhsjUPDulw?si=0J3Y5ejv_67kZDAG,"<iframe width=""560"" height=""315"" src=""https://www.youtube.com/embed/VJhsjUPDulw?si=9dXWZ-QYsRi7M4oe"" title=""YouTube video player"" frameborder=""0"" allow=""accelerometer; autoplay; clipboard-write; encrypted-media; gyroscope; picture-in-picture; web-share"" referrerpolicy=""strict-origin-when-cross-origin"" allowfullscreen></iframe>",0:00 - 2:15,2,Which of the following is a primary reason for implementing a progressive tax system?,To discourage people from earning more income.,To ensure that everyone pays the same amount in taxes.,To increase the tax burden on the middle class.,To reduce the tax burden on low-income earners and fund public services.,D,,,,,,
4/10,,Fundamentals of Personal Finance,Intro to Taxes,Federal Progressive Tax,https://youtu.be/VJhsjUPDulw?si=0J3Y5ejv_67kZDAG,"<iframe width=""560"" height=""315"" src=""https://www.youtube.com/embed/VJhsjUPDulw?si=9dXWZ-QYsRi7M4oe"" title=""YouTube video player"" frameborder=""0"" allow=""accelerometer; autoplay; clipboard-write; encrypted-media; gyroscope; picture-in-picture; web-share"" referrerpolicy=""strict-origin-when-cross-origin"" allowfullscreen></iframe>",0:00 - 2:15,3,True or False: A progressive tax system means that all taxpayers are subject to the same tax rate.,TRUE,FALSE,,,B,,,,,,
4/10,,Fundamentals of Personal Finance,Intro to Taxes,Federal Progressive Tax,https://youtu.be/VJhsjUPDulw?si=0J3Y5ejv_67kZDAG,"<iframe width=""560"" height=""315"" src=""https://www.youtube.com/embed/VJhsjUPDulw?si=9dXWZ-QYsRi7M4oe"" title=""YouTube video player"" frameborder=""0"" allow=""accelerometer; autoplay; clipboard-write; encrypted-media; gyroscope; picture-in-picture; web-share"" referrerpolicy=""strict-origin-when-cross-origin"" allowfullscreen></iframe>",0:00 - 2:15,4,What term is used to describe the income level at which higher tax rates start to apply in a progressive tax system?,Taxable income,Standard deduction,Tax bracket,Marginal tax rate,C,,,,,,
4/10,,Fundamentals of Personal Finance,Intro to Taxes,Federal Progressive Tax,https://youtu.be/VJhsjUPDulw?si=0J3Y5ejv_67kZDAG,"<iframe width=""560"" height=""315"" src=""https://www.youtube.com/embed/VJhsjUPDulw?si=9dXWZ-QYsRi7M4oe"" title=""YouTube video player"" frameborder=""0"" allow=""accelerometer; autoplay; clipboard-write; encrypted-media; gyroscope; picture-in-picture; web-share"" referrerpolicy=""strict-origin-when-cross-origin"" allowfullscreen></iframe>",0:00 - 2:15,5,How do progressive tax systems aim to achieve equity?,By taxing all income at the same rate,By taxing higher incomes at higher rates,By offering tax credits to all,By reducing government spending,B,,,,,,
4/10,,Fundamentals of Personal Finance,Intro to Taxes,1040 Form,https://youtu.be/ERwsDNecn8g?si=VXWVDzP4Wg867ZR3,"<iframe width=""560"" height=""315"" src=""https://www.youtube.com/embed/ERwsDNecn8g?si=VXWVDzP4Wg867ZR3"" title=""YouTube video player"" frameborder=""0"" allow=""accelerometer; autoplay; clipboard-write; encrypted-media; gyroscope; picture-in-picture; web-share"" referrerpolicy=""strict-origin-when-cross-origin"" allowfullscreen></iframe>",0:00 - 1:10,1,What is the purpose of the 1040 form in the U.S.?,To apply for a federal student loan.,To report yearly income and calculate taxes owed.,To register a new business with the IRS.,To claim exempt status from withholding.,B,,,,,,
4/10,,Fundamentals of Personal Finance,Intro to Taxes,1040 Form,https://youtu.be/ERwsDNecn8g?si=VXWVDzP4Wg867ZR3,"<iframe width=""560"" height=""315"" src=""https://www.youtube.com/embed/ERwsDNecn8g?si=VXWVDzP4Wg867ZR3"" title=""YouTube video player"" frameborder=""0"" allow=""accelerometer; autoplay; clipboard-write; encrypted-media; gyroscope; picture-in-picture; web-share"" referrerpolicy=""strict-origin-when-cross-origin"" allowfullscreen></iframe>",0:00 - 1:10,2,Who is required to file a Form 1040?,Only employees of the federal government.,Individuals who earn below the standard deduction.,Every U.S. citizen or resident with income above a certain threshold.,Only self-employed individuals.,C,,,,,,
4/10,,Fundamentals of Personal Finance,Intro to Taxes,1040 Form,https://youtu.be/ERwsDNecn8g?si=VXWVDzP4Wg867ZR3,"<iframe width=""560"" height=""315"" src=""https://www.youtube.com/embed/ERwsDNecn8g?si=VXWVDzP4Wg867ZR3"" title=""YouTube video player"" frameborder=""0"" allow=""accelerometer; autoplay; clipboard-write; encrypted-media; gyroscope; picture-in-picture; web-share"" referrerpolicy=""strict-origin-when-cross-origin"" allowfullscreen></iframe>",0:00 - 1:10,3,True or False: The 1040 form allows taxpayers to claim deductions to reduce their taxable income.,TRUE,FALSE,,,A,,,,,,
4/10,,Fundamentals of Personal Finance,Intro to Taxes,1040 Form,https://youtu.be/ERwsDNecn8g?si=VXWVDzP4Wg867ZR3,"<iframe width=""560"" height=""315"" src=""https://www.youtube.com/embed/ERwsDNecn8g?si=VXWVDzP4Wg867ZR3"" title=""YouTube video player"" frameborder=""0"" allow=""accelerometer; autoplay; clipboard-write; encrypted-media; gyroscope; picture-in-picture; web-share"" referrerpolicy=""strict-origin-when-cross-origin"" allowfullscreen></iframe>",0:00 - 1:10,4,rue or False: Taxpayers can file a 1040 form even if they had no income for the year to claim refunds of withheld taxes.,TRUE,FALSE,,,A,,,,,,
4/10,,Fundamentals of Personal Finance,Intro to Taxes,1040 Form,https://youtu.be/ERwsDNecn8g?si=VXWVDzP4Wg867ZR3,"<iframe width=""560"" height=""315"" src=""https://www.youtube.com/embed/ERwsDNecn8g?si=VXWVDzP4Wg867ZR3"" title=""YouTube video player"" frameborder=""0"" allow=""accelerometer; autoplay; clipboard-write; encrypted-media; gyroscope; picture-in-picture; web-share"" referrerpolicy=""strict-origin-when-cross-origin"" allowfullscreen></iframe>",0:00 - 1:10,5,"True or False: Taxpayers must calculate their own tax liability and enter it on the 1040 form, rather than having the IRS calculate it for them.",TRUE,FALSE,,,A,,,,,,
4/10,,Fundamentals of Personal Finance,Intro to Taxes,W2 Form,https://youtu.be/WhOleJyiXIw?si=PqsU2Hvl1X9ImPR6,"<iframe width=""560"" height=""315"" src=""https://www.youtube.com/embed/WhOleJyiXIw?si=E1nqoAJFbe46Dwd8"" title=""YouTube video player"" frameborder=""0"" allow=""accelerometer; autoplay; clipboard-write; encrypted-media; gyroscope; picture-in-picture; web-share"" referrerpolicy=""strict-origin-when-cross-origin"" allowfullscreen></iframe>",0:00 - 1:00,1,What is the primary purpose of the W-2 form?,To report personal income from investments.,To report wages earned and taxes withheld by an employer.,To apply for employment.,To declare eligibility for health insurance.,B,,,,,,
4/10,,Fundamentals of Personal Finance,Intro to Taxes,W2 Form,https://youtu.be/WhOleJyiXIw?si=PqsU2Hvl1X9ImPR6,"<iframe width=""560"" height=""315"" src=""https://www.youtube.com/embed/WhOleJyiXIw?si=E1nqoAJFbe46Dwd8"" title=""YouTube video player"" frameborder=""0"" allow=""accelerometer; autoplay; clipboard-write; encrypted-media; gyroscope; picture-in-picture; web-share"" referrerpolicy=""strict-origin-when-cross-origin"" allowfullscreen></iframe>",0:00 - 1:00,2,Who is required to issue a W-2 form?,The employee to the employer.,The IRS to the taxpayer.,The employer to the employee.,Independent contractors to their clients.,C,,,,,,
4/10,,Fundamentals of Personal Finance,Intro to Taxes,W2 Form,https://youtu.be/WhOleJyiXIw?si=PqsU2Hvl1X9ImPR6,"<iframe width=""560"" height=""315"" src=""https://www.youtube.com/embed/WhOleJyiXIw?si=E1nqoAJFbe46Dwd8"" title=""YouTube video player"" frameborder=""0"" allow=""accelerometer; autoplay; clipboard-write; encrypted-media; gyroscope; picture-in-picture; web-share"" referrerpolicy=""strict-origin-when-cross-origin"" allowfullscreen></iframe>",0:00 - 1:00,3,True or False: A W-2 form is only necessary for employees who work full-time.,TRUE,FALSE,,,B,,,,,,
4/10,,Fundamentals of Personal Finance,Intro to Taxes,W2 Form,https://youtu.be/WhOleJyiXIw?si=PqsU2Hvl1X9ImPR6,"<iframe width=""560"" height=""315"" src=""https://www.youtube.com/embed/WhOleJyiXIw?si=E1nqoAJFbe46Dwd8"" title=""YouTube video player"" frameborder=""0"" allow=""accelerometer; autoplay; clipboard-write; encrypted-media; gyroscope; picture-in-picture; web-share"" referrerpolicy=""strict-origin-when-cross-origin"" allowfullscreen></iframe>",0:00 - 1:00,4,For what reason might an individual receive multiple W-2 forms?,If they worked for more than one employer during the tax year.,If they made clerical errors on their tax return.,If they are audited by the IRS.,If they changed their legal name.,A,,,,,,
4/10,,Fundamentals of Personal Finance,Intro to Taxes,W2 Form,https://youtu.be/WhOleJyiXIw?si=PqsU2Hvl1X9ImPR6,"<iframe width=""560"" height=""315"" src=""https://www.youtube.com/embed/WhOleJyiXIw?si=E1nqoAJFbe46Dwd8"" title=""YouTube video player"" frameborder=""0"" allow=""accelerometer; autoplay; clipboard-write; encrypted-media; gyroscope; picture-in-picture; web-share"" referrerpolicy=""strict-origin-when-cross-origin"" allowfullscreen></iframe>",0:00 - 1:00,5,"True or False: If an employee does not receive their W-2 by February, or their W2 is incorrect, they should immediately contact the IRS.",TRUE,FALSE,,,A,,,,,,
4/10,,Fundamentals of Personal Finance,Intro to Taxes,Federal v. State v. County Taxes,https://youtu.be/dWOjzjvFPf0?si=uInRidr6knJpL0pE,"<iframe width=""560"" height=""315"" src=""https://www.youtube.com/embed/dWOjzjvFPf0?si=uInRidr6knJpL0pE"" title=""YouTube video player"" frameborder=""0"" allow=""accelerometer; autoplay; clipboard-write; encrypted-media; gyroscope; picture-in-picture; web-share"" referrerpolicy=""strict-origin-when-cross-origin"" allowfullscreen></iframe>",0:00 - 0:49,1,Which type of tax is typically used to fund national defense and social programs?,State tax,County tax,Federal tax,Sales tax,C,,,,,,
4/10,,Fundamentals of Personal Finance,Intro to Taxes,Federal v. State v. County Taxes,https://youtu.be/dWOjzjvFPf0?si=uInRidr6knJpL0pE,"<iframe width=""560"" height=""315"" src=""https://www.youtube.com/embed/dWOjzjvFPf0?si=uInRidr6knJpL0pE"" title=""YouTube video player"" frameborder=""0"" allow=""accelerometer; autoplay; clipboard-write; encrypted-media; gyroscope; picture-in-picture; web-share"" referrerpolicy=""strict-origin-when-cross-origin"" allowfullscreen></iframe>",0:00 - 0:49,2,True or False: All states in the U.S. have an income tax.,TRUE,FALSE,,,B,,,,,,
4/10,,Fundamentals of Personal Finance,Intro to Taxes,Federal v. State v. County Taxes,https://youtu.be/dWOjzjvFPf0?si=uInRidr6knJpL0pE,"<iframe width=""560"" height=""315"" src=""https://www.youtube.com/embed/dWOjzjvFPf0?si=uInRidr6knJpL0pE"" title=""YouTube video player"" frameborder=""0"" allow=""accelerometer; autoplay; clipboard-write; encrypted-media; gyroscope; picture-in-picture; web-share"" referrerpolicy=""strict-origin-when-cross-origin"" allowfullscreen></iframe>",0:00 - 0:49,3,What is a primary use of county taxes?,Funding local schools and libraries,Paying federal debts,Maintaining national parks,Supporting the armed forces,A,,,,,,
4/10,,Fundamentals of Personal Finance,Intro to Taxes,Federal v. State v. County Taxes,https://youtu.be/dWOjzjvFPf0?si=uInRidr6knJpL0pE,"<iframe width=""560"" height=""315"" src=""https://www.youtube.com/embed/dWOjzjvFPf0?si=uInRidr6knJpL0pE"" title=""YouTube video player"" frameborder=""0"" allow=""accelerometer; autoplay; clipboard-write; encrypted-media; gyroscope; picture-in-picture; web-share"" referrerpolicy=""strict-origin-when-cross-origin"" allowfullscreen></iframe>",0:00 - 0:49,4,What is the main purpose of state income taxes?,To fund specific federal projects,To contribute to the national defense budget,To support state-level services and infrastructure,To reduce the overall federal tax burden,C,,,,,,
4/10,,Fundamentals of Personal Finance,Intro to Taxes,Federal v. State v. County Taxes,https://youtu.be/dWOjzjvFPf0?si=uInRidr6knJpL0pE,"<iframe width=""560"" height=""315"" src=""https://www.youtube.com/embed/dWOjzjvFPf0?si=uInRidr6knJpL0pE"" title=""YouTube video player"" frameborder=""0"" allow=""accelerometer; autoplay; clipboard-write; encrypted-media; gyroscope; picture-in-picture; web-share"" referrerpolicy=""strict-origin-when-cross-origin"" allowfullscreen></iframe>",0:00 - 0:49,5,True or False: Some counties may impose their own additional income taxes on top of state and federal taxes.,TRUE,FALSE,,,A,,,,,,
4/10,,Fundamentals of Personal Finance,Intro to Taxes,Ways to pay your tax,https://youtu.be/bZjTIHPyY94?si=GIwOz61syDzth06l,"<iframe width=""560"" height=""315"" src=""https://www.youtube.com/embed/bZjTIHPyY94?si=GIwOz61syDzth06l"" title=""YouTube video player"" frameborder=""0"" allow=""accelerometer; autoplay; clipboard-write; encrypted-media; gyroscope; picture-in-picture; web-share"" referrerpolicy=""strict-origin-when-cross-origin"" allowfullscreen></iframe>",0:00 - 1:51,1,True or False: You can pay your taxes using a smartphone app.,TRUE,FALSE,,,A,,,,,,
4/10,,Fundamentals of Personal Finance,Intro to Taxes,Ways to pay your tax,https://youtu.be/bZjTIHPyY94?si=GIwOz61syDzth06l,"<iframe width=""560"" height=""315"" src=""https://www.youtube.com/embed/bZjTIHPyY94?si=GIwOz61syDzth06l"" title=""YouTube video player"" frameborder=""0"" allow=""accelerometer; autoplay; clipboard-write; encrypted-media; gyroscope; picture-in-picture; web-share"" referrerpolicy=""strict-origin-when-cross-origin"" allowfullscreen></iframe>",0:00 - 1:51,2,Which method of tax payment requires the use of paper and postage?,Online payment,Electronic funds withdrawal,Direct debit,Sending a check or money order by mail,D,,,,,,
4/10,,Fundamentals of Personal Finance,Intro to Taxes,Ways to pay your tax,https://youtu.be/bZjTIHPyY94?si=GIwOz61syDzth06l,"<iframe width=""560"" height=""315"" src=""https://www.youtube.com/embed/bZjTIHPyY94?si=GIwOz61syDzth06l"" title=""YouTube video player"" frameborder=""0"" allow=""accelerometer; autoplay; clipboard-write; encrypted-media; gyroscope; picture-in-picture; web-share"" referrerpolicy=""strict-origin-when-cross-origin"" allowfullscreen></iframe>",0:00 - 1:51,3,True or False: It's not possible to pay your taxes with a credit card.,TRUE,FALSE,,,B,,,,,,
4/10,,Fundamentals of Personal Finance,Intro to Taxes,Ways to pay your tax,https://youtu.be/bZjTIHPyY94?si=GIwOz61syDzth06l,"<iframe width=""560"" height=""315"" src=""https://www.youtube.com/embed/bZjTIHPyY94?si=GIwOz61syDzth06l"" title=""YouTube video player"" frameborder=""0"" allow=""accelerometer; autoplay; clipboard-write; encrypted-media; gyroscope; picture-in-picture; web-share"" referrerpolicy=""strict-origin-when-cross-origin"" allowfullscreen></iframe>",0:00 - 1:51,4,What is an installment agreement with the IRS?,A method to request an extension for filing taxes,A penalty for late tax payments,A way to borrow money to pay taxes,An option to pay taxes in fixed monthly amounts,D,,,,,,
4/10,,Fundamentals of Personal Finance,Intro to Taxes,Ways to pay your tax,https://youtu.be/bZjTIHPyY94?si=GIwOz61syDzth06l,"<iframe width=""560"" height=""315"" src=""https://www.youtube.com/embed/bZjTIHPyY94?si=GIwOz61syDzth06l"" title=""YouTube video player"" frameborder=""0"" allow=""accelerometer; autoplay; clipboard-write; encrypted-media; gyroscope; picture-in-picture; web-share"" referrerpolicy=""strict-origin-when-cross-origin"" allowfullscreen></iframe>",0:00 - 1:51,5,What is the Electronic Federal Tax Payment System (EFTPS)?,A loan program for paying off taxes,A secure government website for paying all your federal taxes,An IRS service for disputing tax charges,A digital currency for tax payments,B,,,,,,
4/11,,Fundamentals of Personal Finance,Intro to Credit,Credit v. Debit,https://youtu.be/T3wxogO1nYU?si=1PKvKYcadfkUpbzW,"<iframe width=""560"" height=""315"" src=""https://www.youtube.com/embed/T3wxogO1nYU?si=135ETUHR9Z76tcHD"" title=""YouTube video player"" frameborder=""0"" allow=""accelerometer; autoplay; clipboard-write; encrypted-media; gyroscope; picture-in-picture; web-share"" referrerpolicy=""strict-origin-when-cross-origin"" allowfullscreen></iframe>",0:00 - 1:41,1,What is the fundamental difference between a debit card and a credit card?,"Debit cards allow you to earn rewards, while credit cards do not.","Debit cards draw money directly from your checking account, while credit cards borrow money from the issuing bank.","Credit cards are only used for online purchases, while debit cards are for in-store purchases.",Debit cards offer better fraud protection than credit cards.,B,,,,,,
4/11,,Fundamentals of Personal Finance,Intro to Credit,Credit v. Debit,https://youtu.be/T3wxogO1nYU?si=1PKvKYcadfkUpbzW,"<iframe width=""560"" height=""315"" src=""https://www.youtube.com/embed/T3wxogO1nYU?si=135ETUHR9Z76tcHD"" title=""YouTube video player"" frameborder=""0"" allow=""accelerometer; autoplay; clipboard-write; encrypted-media; gyroscope; picture-in-picture; web-share"" referrerpolicy=""strict-origin-when-cross-origin"" allowfullscreen></iframe>",0:00 - 1:41,2,True or False: Using a credit card can help build your credit history.,TRUE,FALSE,,,A,,,,,,
4/11,,Fundamentals of Personal Finance,Intro to Credit,Credit v. Debit,https://youtu.be/T3wxogO1nYU?si=1PKvKYcadfkUpbzW,"<iframe width=""560"" height=""315"" src=""https://www.youtube.com/embed/T3wxogO1nYU?si=135ETUHR9Z76tcHD"" title=""YouTube video player"" frameborder=""0"" allow=""accelerometer; autoplay; clipboard-write; encrypted-media; gyroscope; picture-in-picture; web-share"" referrerpolicy=""strict-origin-when-cross-origin"" allowfullscreen></iframe>",0:00 - 1:41,3,"Which type of card typically offers reward programs, such as cash back or travel points?",Debit card,Credit card,Both offer the same rewards programs,Neither offers rewards programs,B,,,,,,
4/11,,Fundamentals of Personal Finance,Intro to Credit,Credit v. Debit,https://youtu.be/T3wxogO1nYU?si=1PKvKYcadfkUpbzW,"<iframe width=""560"" height=""315"" src=""https://www.youtube.com/embed/T3wxogO1nYU?si=135ETUHR9Z76tcHD"" title=""YouTube video player"" frameborder=""0"" allow=""accelerometer; autoplay; clipboard-write; encrypted-media; gyroscope; picture-in-picture; web-share"" referrerpolicy=""strict-origin-when-cross-origin"" allowfullscreen></iframe>",0:00 - 1:41,4,What happens if you only pay the minimum payment on your credit card each month?,The remaining balance is forgiven.,You avoid any interest charges.,Your credit score automatically improves.,You'll incur interest on the remaining balance.,D,,,,,,
4/11,,Fundamentals of Personal Finance,Intro to Credit,Credit v. Debit,https://youtu.be/T3wxogO1nYU?si=1PKvKYcadfkUpbzW,"<iframe width=""560"" height=""315"" src=""https://www.youtube.com/embed/T3wxogO1nYU?si=135ETUHR9Z76tcHD"" title=""YouTube video player"" frameborder=""0"" allow=""accelerometer; autoplay; clipboard-write; encrypted-media; gyroscope; picture-in-picture; web-share"" referrerpolicy=""strict-origin-when-cross-origin"" allowfullscreen></iframe>",0:00 - 1:41,5,How can owning a credit card lead to debt?,By spending more money than you can afford to pay back.,By checking your account balance too frequently.,By using the card internationally.,By paying your bill in full each month.,A,,,,,,
4/11,,Fundamentals of Personal Finance,Intro to Credit,What is a credit score & how it is used,https://youtu.be/dwIGfhhgKOc?si=u52ulV3mvLgXFn7M,"<iframe width=""560"" height=""315"" src=""https://www.youtube.com/embed/dwIGfhhgKOc?si=lj6NFm1JXj3PAuHy"" title=""YouTube video player"" frameborder=""0"" allow=""accelerometer; autoplay; clipboard-write; encrypted-media; gyroscope; picture-in-picture; web-share"" referrerpolicy=""strict-origin-when-cross-origin"" allowfullscreen></iframe>",0:00 - 1:26,1,What is a credit score?,A numerical representation of your ability to play sports.,A score that determines your eligibility for student loans only.,"A numerical expression based on a level analysis of a person's credit files, representing the creditworthiness of an individual.",The score given to a person based on their job performance.,C,,,,,,
4/11,,Fundamentals of Personal Finance,Intro to Credit,What is a credit score & how it is used,https://youtu.be/dwIGfhhgKOc?si=u52ulV3mvLgXFn7M,"<iframe width=""560"" height=""315"" src=""https://www.youtube.com/embed/dwIGfhhgKOc?si=lj6NFm1JXj3PAuHy"" title=""YouTube video player"" frameborder=""0"" allow=""accelerometer; autoplay; clipboard-write; encrypted-media; gyroscope; picture-in-picture; web-share"" referrerpolicy=""strict-origin-when-cross-origin"" allowfullscreen></iframe>",0:00 - 1:26,2,What is the highest credit score one can achieve using the FICO scoring model?,850,1000,750,950,A,,,,,,
4/11,,Fundamentals of Personal Finance,Intro to Credit,What is a credit score & how it is used,https://youtu.be/dwIGfhhgKOc?si=u52ulV3mvLgXFn7M,"<iframe width=""560"" height=""315"" src=""https://www.youtube.com/embed/dwIGfhhgKOc?si=lj6NFm1JXj3PAuHy"" title=""YouTube video player"" frameborder=""0"" allow=""accelerometer; autoplay; clipboard-write; encrypted-media; gyroscope; picture-in-picture; web-share"" referrerpolicy=""strict-origin-when-cross-origin"" allowfullscreen></iframe>",0:00 - 1:26,3,Which of these actions can negatively impact your credit score?,Paying off a loan in full.,Closing old credit cards that have no balance.,Applying for new credit cards.,Only using debit cards for transactions.,C,,,,,,
4/11,,Fundamentals of Personal Finance,Intro to Credit,What is a credit score & how it is used,https://youtu.be/dwIGfhhgKOc?si=u52ulV3mvLgXFn7M,"<iframe width=""560"" height=""315"" src=""https://www.youtube.com/embed/dwIGfhhgKOc?si=lj6NFm1JXj3PAuHy"" title=""YouTube video player"" frameborder=""0"" allow=""accelerometer; autoplay; clipboard-write; encrypted-media; gyroscope; picture-in-picture; web-share"" referrerpolicy=""strict-origin-when-cross-origin"" allowfullscreen></iframe>",0:00 - 1:26,4,Which type of information is NOT included in your credit score?,Your credit card balances.,"Your race, color, religion, national origin, sex, or marital status.",Your payment history.,The total amount of your outstanding debts.,B,,,,,,
4/11,,Fundamentals of Personal Finance,Intro to Credit,What is a credit score & how it is used,https://youtu.be/dwIGfhhgKOc?si=u52ulV3mvLgXFn7M,"<iframe width=""560"" height=""315"" src=""https://www.youtube.com/embed/dwIGfhhgKOc?si=lj6NFm1JXj3PAuHy"" title=""YouTube video player"" frameborder=""0"" allow=""accelerometer; autoplay; clipboard-write; encrypted-media; gyroscope; picture-in-picture; web-share"" referrerpolicy=""strict-origin-when-cross-origin"" allowfullscreen></iframe>",0:00 - 1:26,5,True or False: Your credit score can affect your ability to rent an apartment.,TRUE,FALSE,,,A,,,,,,
4/11,,Fundamentals of Personal Finance,Intro to Credit,How is a credit score calculated,https://youtu.be/snujslCkQBY?si=jbYCx4ejbLZcA37r,"<iframe width=""560"" height=""315"" src=""https://www.youtube.com/embed/snujslCkQBY?si=gJTtHufKiJV9hOAf&amp;start=22"" title=""YouTube video player"" frameborder=""0"" allow=""accelerometer; autoplay; clipboard-write; encrypted-media; gyroscope; picture-in-picture; web-share"" referrerpolicy=""strict-origin-when-cross-origin"" allowfullscreen></iframe>",0:22 - 1:50,1,Which factor has the largest impact on your credit score?,The amount of money in your savings account.,Your annual income.,Payment history.,The number of credit cards you have.,C,,,,,,
4/11,,Fundamentals of Personal Finance,Intro to Credit,How is a credit score calculated,https://youtu.be/snujslCkQBY?si=jbYCx4ejbLZcA37r,"<iframe width=""560"" height=""315"" src=""https://www.youtube.com/embed/snujslCkQBY?si=gJTtHufKiJV9hOAf&amp;start=22"" title=""YouTube video player"" frameborder=""0"" allow=""accelerometer; autoplay; clipboard-write; encrypted-media; gyroscope; picture-in-picture; web-share"" referrerpolicy=""strict-origin-when-cross-origin"" allowfullscreen></iframe>",0:22 - 1:50,2,"What does ""credit utilization"" refer to in the context of credit score?",The total amount of credit you're using compared to your credit limit.,The number of credit cards you have.,How frequently you use your credit card.,The ratio of your loan amounts to the loan amounts available.,A,,,,,,
4/11,,Fundamentals of Personal Finance,Intro to Credit,How is a credit score calculated,https://youtu.be/snujslCkQBY?si=jbYCx4ejbLZcA37r,"<iframe width=""560"" height=""315"" src=""https://www.youtube.com/embed/snujslCkQBY?si=gJTtHufKiJV9hOAf&amp;start=22"" title=""YouTube video player"" frameborder=""0"" allow=""accelerometer; autoplay; clipboard-write; encrypted-media; gyroscope; picture-in-picture; web-share"" referrerpolicy=""strict-origin-when-cross-origin"" allowfullscreen></iframe>",0:22 - 1:50,3,How does paying off a credit card balance each month affect your credit score?,It has no impact.,It can lower your score because it shows lack of credit use.,It can improve your score by showing responsible credit use.,"It reduces your credit utilization to zero, which negatively affects your score.",C,,,,,,
4/11,,Fundamentals of Personal Finance,Intro to Credit,How is a credit score calculated,https://youtu.be/snujslCkQBY?si=jbYCx4ejbLZcA37r,"<iframe width=""560"" height=""315"" src=""https://www.youtube.com/embed/snujslCkQBY?si=gJTtHufKiJV9hOAf&amp;start=22"" title=""YouTube video player"" frameborder=""0"" allow=""accelerometer; autoplay; clipboard-write; encrypted-media; gyroscope; picture-in-picture; web-share"" referrerpolicy=""strict-origin-when-cross-origin"" allowfullscreen></iframe>",0:22 - 1:50,4,True or False: A higher credit score can qualify you for lower interest rates on loans.,TRUE,FALSE,,,A,,,,,,
4/11,,Fundamentals of Personal Finance,Intro to Credit,How is a credit score calculated,https://youtu.be/snujslCkQBY?si=jbYCx4ejbLZcA37r,"<iframe width=""560"" height=""315"" src=""https://www.youtube.com/embed/snujslCkQBY?si=gJTtHufKiJV9hOAf&amp;start=22"" title=""YouTube video player"" frameborder=""0"" allow=""accelerometer; autoplay; clipboard-write; encrypted-media; gyroscope; picture-in-picture; web-share"" referrerpolicy=""strict-origin-when-cross-origin"" allowfullscreen></iframe>",0:22 - 1:50,5,True or False: Your income level directly affects your credit score.,TRUE,FALSE,,,B,,,,,,
4/11,,Fundamentals of Personal Finance,Intro to Credit,Advantages of credit,https://youtu.be/0Pa5AdTCuCE?si=tJFJh7b2b3RyPZjC,"<iframe width=""560"" height=""315"" src=""https://www.youtube.com/embed/0Pa5AdTCuCE?si=tJFJh7b2b3RyPZjC&amp;start=22"" title=""YouTube video player"" frameborder=""0"" allow=""accelerometer; autoplay; clipboard-write; encrypted-media; gyroscope; picture-in-picture; web-share"" referrerpolicy=""strict-origin-when-cross-origin"" allowfullscreen></iframe>",0:00 - 1:00,1,What is an advantage of using credit for purchases instead of cash?,It helps you lose track of your spending.,"Credit purchases can be insured against loss, theft, or damage.",It discourages saving money.,It limits your purchasing options.,B,,,,,,
4/11,,Fundamentals of Personal Finance,Intro to Credit,Advantages of credit,https://youtu.be/0Pa5AdTCuCE?si=tJFJh7b2b3RyPZjC,"<iframe width=""560"" height=""315"" src=""https://www.youtube.com/embed/0Pa5AdTCuCE?si=tJFJh7b2b3RyPZjC&amp;start=22"" title=""YouTube video player"" frameborder=""0"" allow=""accelerometer; autoplay; clipboard-write; encrypted-media; gyroscope; picture-in-picture; web-share"" referrerpolicy=""strict-origin-when-cross-origin"" allowfullscreen></iframe>",0:00 - 1:08,2,True or False: Access to credit can aid in managing cash flow and budgeting.,TRUE,FALSE,,,A,,,,,,
4/11,,Fundamentals of Personal Finance,Intro to Credit,Advantages of credit,https://youtu.be/0Pa5AdTCuCE?si=tJFJh7b2b3RyPZjC,"<iframe width=""560"" height=""315"" src=""https://www.youtube.com/embed/0Pa5AdTCuCE?si=tJFJh7b2b3RyPZjC&amp;start=22"" title=""YouTube video player"" frameborder=""0"" allow=""accelerometer; autoplay; clipboard-write; encrypted-media; gyroscope; picture-in-picture; web-share"" referrerpolicy=""strict-origin-when-cross-origin"" allowfullscreen></iframe>",0:00 - 1:08,3,How does having access to credit affect your financial flexibility?,It restricts your spending to only necessary items.,"It allows for larger purchases to be made and paid over time, adjusting to your cash flow.",It decreases your purchasing power.,It increases the complexity of your financial management.,B,,,,,,
4/11,,Fundamentals of Personal Finance,Intro to Credit,Advantages of credit,https://youtu.be/0Pa5AdTCuCE?si=tJFJh7b2b3RyPZjC,"<iframe width=""560"" height=""315"" src=""https://www.youtube.com/embed/0Pa5AdTCuCE?si=tJFJh7b2b3RyPZjC&amp;start=22"" title=""YouTube video player"" frameborder=""0"" allow=""accelerometer; autoplay; clipboard-write; encrypted-media; gyroscope; picture-in-picture; web-share"" referrerpolicy=""strict-origin-when-cross-origin"" allowfullscreen></iframe>",0:00 - 1:00,4,Which benefit is specific to using credit cards for travel?,Automatic travel insurance on purchases made with the card.,Unlimited free flights.,Immediate upgrades to first-class seating.,A guaranteed fixed exchange rate on international purchases.,A,,,,,,
4/11,,Fundamentals of Personal Finance,Intro to Credit,Advantages of credit,https://youtu.be/0Pa5AdTCuCE?si=tJFJh7b2b3RyPZjC,"<iframe width=""560"" height=""315"" src=""https://www.youtube.com/embed/0Pa5AdTCuCE?si=tJFJh7b2b3RyPZjC&amp;start=22"" title=""YouTube video player"" frameborder=""0"" allow=""accelerometer; autoplay; clipboard-write; encrypted-media; gyroscope; picture-in-picture; web-share"" referrerpolicy=""strict-origin-when-cross-origin"" allowfullscreen></iframe>",0:00 - 1:08,5,What advantage does building a good credit history offer young adults in terms of education?,Eligibility for scholarships based on credit score.,Access to private student loans with potentially better terms.,A requirement for college admission.,Direct admission to preferred courses.,B,,,,,,